<ImportExportXml version="9.0.0001.0425" SolutionPackageVersion="9.0" languagecode="1033" generatedBy="CrmLive" xmlns:xsi="http://www.w3.org/2001/XMLSchema-instance">
  <SolutionManifest>
    <UniqueName>TrackUserLocationinDynamics365App</UniqueName>
    <LocalizedNames>
      <LocalizedName description="TrackUserLocationinDynamics365AppForMobileandTablet" languagecode="1033" />
    </LocalizedNames>
    <Descriptions>
      <Description description="UnManaged solution compatible with Dynamics 365 v9.x which help you tracking location of crm field user who have access to Dynamics 365 app for mobile and Tablet&#xA;&#xA;Solution Components&#xA;1. Userlocation entity which store username, latitude,longitude and full address we get after reverse Geo-coding the latitude and longitude&#xA;2. Get address Plugin fetched the full address on the basis latitude and longitude&#xA;3. Plugin step which fire on creation of userlocation record&#xA;4. Reversegeocoding js web resource - It have js function which retrieve user's location in Dynamics 365 app for Mobile and tablet and store in User Location entity&#xA;&#xA;To Do:-&#xA;On the event on which you want to check in location, call the function getcurrentLocation from Reversegeocoding js library.&#xA;Enable location in your Dynamics 365 app for Mobile and tablet&#xA;Make sure plugin step is enabled&#xA;For help,please contact grade.vishal@gmail.com" languagecode="1033" />
    </Descriptions>
    <Version>1.0.0.0</Version>
    <Managed>0</Managed>
    <Publisher>
      <UniqueName>DefaultPublisherd365blocks</UniqueName>
      <LocalizedNames>
        <LocalizedName description="Default Publisher for d365blocks" languagecode="1033" />
      </LocalizedNames>
      <Descriptions>
        <Description description="Default publisher for this organization" languagecode="1033" />
      </Descriptions>
      <EMailAddress xsi:nil="true"></EMailAddress>
      <SupportingWebsiteUrl xsi:nil="true"></SupportingWebsiteUrl>
      <CustomizationPrefix>new</CustomizationPrefix>
      <CustomizationOptionValuePrefix>10000</CustomizationOptionValuePrefix>
      <Addresses>
        <Address>
          <AddressNumber>1</AddressNumber>
          <AddressTypeCode xsi:nil="true"></AddressTypeCode>
          <City xsi:nil="true"></City>
          <County xsi:nil="true"></County>
          <Country xsi:nil="true"></Country>
          <Fax xsi:nil="true"></Fax>
          <FreightTermsCode xsi:nil="true"></FreightTermsCode>
          <ImportSequenceNumber xsi:nil="true"></ImportSequenceNumber>
          <Latitude xsi:nil="true"></Latitude>
          <Line1 xsi:nil="true"></Line1>
          <Line2 xsi:nil="true"></Line2>
          <Line3 xsi:nil="true"></Line3>
          <Longitude xsi:nil="true"></Longitude>
          <Name xsi:nil="true"></Name>
          <PostalCode xsi:nil="true"></PostalCode>
          <PostOfficeBox xsi:nil="true"></PostOfficeBox>
          <PrimaryContactName xsi:nil="true"></PrimaryContactName>
          <ShippingMethodCode xsi:nil="true"></ShippingMethodCode>
          <StateOrProvince xsi:nil="true"></StateOrProvince>
          <Telephone1 xsi:nil="true"></Telephone1>
          <Telephone2 xsi:nil="true"></Telephone2>
          <Telephone3 xsi:nil="true"></Telephone3>
          <TimeZoneRuleVersionNumber xsi:nil="true"></TimeZoneRuleVersionNumber>
          <UPSZone xsi:nil="true"></UPSZone>
          <UTCOffset xsi:nil="true"></UTCOffset>
          <UTCConversionTimeZoneCode xsi:nil="true"></UTCConversionTimeZoneCode>
        </Address>
        <Address>
          <AddressNumber>2</AddressNumber>
          <AddressTypeCode xsi:nil="true"></AddressTypeCode>
          <City xsi:nil="true"></City>
          <County xsi:nil="true"></County>
          <Country xsi:nil="true"></Country>
          <Fax xsi:nil="true"></Fax>
          <FreightTermsCode xsi:nil="true"></FreightTermsCode>
          <ImportSequenceNumber xsi:nil="true"></ImportSequenceNumber>
          <Latitude xsi:nil="true"></Latitude>
          <Line1 xsi:nil="true"></Line1>
          <Line2 xsi:nil="true"></Line2>
          <Line3 xsi:nil="true"></Line3>
          <Longitude xsi:nil="true"></Longitude>
          <Name xsi:nil="true"></Name>
          <PostalCode xsi:nil="true"></PostalCode>
          <PostOfficeBox xsi:nil="true"></PostOfficeBox>
          <PrimaryContactName xsi:nil="true"></PrimaryContactName>
          <ShippingMethodCode xsi:nil="true"></ShippingMethodCode>
          <StateOrProvince xsi:nil="true"></StateOrProvince>
          <Telephone1 xsi:nil="true"></Telephone1>
          <Telephone2 xsi:nil="true"></Telephone2>
          <Telephone3 xsi:nil="true"></Telephone3>
          <TimeZoneRuleVersionNumber xsi:nil="true"></TimeZoneRuleVersionNumber>
          <UPSZone xsi:nil="true"></UPSZone>
          <UTCOffset xsi:nil="true"></UTCOffset>
          <UTCConversionTimeZoneCode xsi:nil="true"></UTCConversionTimeZoneCode>
        </Address>
      </Addresses>
    </Publisher>
    <RootComponents>
      <RootComponent type="1" schemaName="account" behavior="1" />
      <RootComponent type="1" schemaName="new_userlocations" behavior="0" />
      <RootComponent type="1" schemaName="systemuser" behavior="1" />
      <RootComponent type="60" id="{098ae145-1567-41ec-8398-86dbaac70c9b}" />
      <RootComponent type="60" id="{2205c86d-ed88-4a2f-a447-3b86a8781f2e}" />
      <RootComponent type="60" id="{43300723-f867-420b-ab28-976a4d12e6c4}" />
      <RootComponent type="60" id="{69cff312-cfb6-4289-9631-249ab85d2c62}" />
      <RootComponent type="60" id="{74da4947-5d1d-4400-9f99-c6ed578211bb}" />
      <RootComponent type="60" id="{8448b78f-8f42-454e-8e2a-f8196b0419af}" />
      <RootComponent type="60" id="{859dd211-b699-4839-8db6-a551d97e0908}" behavior="0" />
      <RootComponent type="60" id="{894155a3-95d5-4881-b9c3-04444cef1bcc}" />
      <RootComponent type="60" id="{a72c7955-442b-4ea4-9499-b10cd18b4256}" />
      <RootComponent type="60" id="{b028db32-3619-48a5-ac51-cf3f947b0ef3}" />
      <RootComponent type="60" id="{c2cd9e55-d4b4-4b55-9951-16ead79643e5}" behavior="0" />
      <RootComponent type="60" id="{c9e7ec2d-efca-4e4c-b3e3-f63c4bba5e4b}" />
      <RootComponent type="60" id="{cccff382-2b92-467e-bf1b-3db179512af8}" />
      <RootComponent type="60" id="{f145c04d-9c36-417e-a9f8-5d61e0b09980}" />
      <RootComponent type="61" schemaName="new_map" behavior="0" />
      <RootComponent type="61" schemaName="new_Reversegeocoding" behavior="0" />
      <RootComponent type="91" id="{707d466e-a6a4-4283-9a33-18199ae97f4d}" schemaName="getAddress, Version=1.0.0.0, Culture=neutral, PublicKeyToken=9321c4936b9ad4bc" behavior="0" />
      <RootComponent type="92" id="{13c8e0af-e705-e811-a954-000d3af286a3}" behavior="0" />
    </RootComponents>
    <MissingDependencies>
      <MissingDependency>
        <Required key="0" type="1" schemaName="msdyn_customerasset" displayName="Customer Asset" solution="FieldService (7.3.0.123)" />
        <Dependent key="1" type="60" displayName="Account - Mobile" parentDisplayName="Account" id="{74da4947-5d1d-4400-9f99-c6ed578211bb}" />
      </MissingDependency>
      <MissingDependency>
        <Required key="2" type="1" schemaName="msdyn_agreement" displayName="Agreement" solution="FieldService (7.3.0.123)" />
        <Dependent key="1" type="60" displayName="Account - Mobile" parentDisplayName="Account" id="{74da4947-5d1d-4400-9f99-c6ed578211bb}" />
      </MissingDependency>
      <MissingDependency>
        <Required key="3" type="1" schemaName="invoice" displayName="Invoice" solution="msdynce_Sales (9.0.4.7)" />
        <Dependent key="1" type="60" displayName="Account - Mobile" parentDisplayName="Account" id="{74da4947-5d1d-4400-9f99-c6ed578211bb}" />
      </MissingDependency>
      <MissingDependency>
        <Required key="4" type="1" schemaName="msdyn_workorder" displayName="Work Order" solution="FieldService (7.3.0.123)" />
        <Dependent key="1" type="60" displayName="Account - Mobile" parentDisplayName="Account" id="{74da4947-5d1d-4400-9f99-c6ed578211bb}" />
      </MissingDependency>
      <MissingDependency>
        <Required key="5" type="1" schemaName="msdyn_accountpricelist" displayName="Account Project Price List" solution="ProjectService (2.3.0.33)" />
        <Dependent key="6" type="60" displayName="Account" parentDisplayName="Account" id="{8448b78f-8f42-454e-8e2a-f8196b0419af}" />
      </MissingDependency>
      <MissingDependency>
        <Required key="7" type="2" schemaName="msdyn_workorderinstructions" displayName="Work Order Instructions" parentSchemaName="account" parentDisplayName="Account" solution="FieldService (7.3.0.123)" />
        <Dependent key="6" type="60" displayName="Account" parentDisplayName="Account" id="{8448b78f-8f42-454e-8e2a-f8196b0419af}" />
      </MissingDependency>
      <MissingDependency>
        <Required key="8" type="2" schemaName="msdyn_salestaxcode" displayName="Sales Tax Code" parentSchemaName="account" parentDisplayName="Account" solution="FieldService (7.3.0.123)" />
        <Dependent key="6" type="60" displayName="Account" parentDisplayName="Account" id="{8448b78f-8f42-454e-8e2a-f8196b0419af}" />
      </MissingDependency>
      <MissingDependency>
        <Required key="9" type="2" schemaName="msdyn_taxexempt" displayName="Tax Exempt" parentSchemaName="account" parentDisplayName="Account" solution="FieldService (7.3.0.123)" />
        <Dependent key="6" type="60" displayName="Account" parentDisplayName="Account" id="{8448b78f-8f42-454e-8e2a-f8196b0419af}" />
      </MissingDependency>
      <MissingDependency>
        <Required key="10" type="2" schemaName="msdyn_serviceterritory" displayName="Service Territory" parentSchemaName="account" parentDisplayName="Account" solution="FieldService (7.3.0.123)" />
        <Dependent key="6" type="60" displayName="Account" parentDisplayName="Account" id="{8448b78f-8f42-454e-8e2a-f8196b0419af}" />
      </MissingDependency>
      <MissingDependency>
        <Required key="11" type="2" schemaName="msdyn_taxexemptnumber" displayName="Tax Exempt Number" parentSchemaName="account" parentDisplayName="Account" solution="FieldService (7.3.0.123)" />
        <Dependent key="6" type="60" displayName="Account" parentDisplayName="Account" id="{8448b78f-8f42-454e-8e2a-f8196b0419af}" />
      </MissingDependency>
      <MissingDependency>
        <Required key="12" type="2" schemaName="msdyn_travelchargetype" displayName="Travel Charge Type" parentSchemaName="account" parentDisplayName="Account" solution="FieldService (7.3.0.123)" />
        <Dependent key="6" type="60" displayName="Account" parentDisplayName="Account" id="{8448b78f-8f42-454e-8e2a-f8196b0419af}" />
      </MissingDependency>
      <MissingDependency>
        <Required key="13" type="2" schemaName="defaultpricelevelid" displayName="Product Price List" parentSchemaName="account" parentDisplayName="Account" solution="msdynce_ProductManagement (9.0.4.10)" />
        <Dependent key="6" type="60" displayName="Account" parentDisplayName="Account" id="{8448b78f-8f42-454e-8e2a-f8196b0419af}" />
      </MissingDependency>
      <MissingDependency>
        <Required key="14" type="2" schemaName="msdyn_billingaccount" displayName="Billing Account" parentSchemaName="account" parentDisplayName="Account" solution="FieldService (7.3.0.123)" />
        <Dependent key="6" type="60" displayName="Account" parentDisplayName="Account" id="{8448b78f-8f42-454e-8e2a-f8196b0419af}" />
      </MissingDependency>
      <MissingDependency>
        <Required key="15" type="2" schemaName="msdyn_travelcharge" displayName="Travel Charge" parentSchemaName="account" parentDisplayName="Account" solution="FieldService (7.3.0.123)" />
        <Dependent key="6" type="60" displayName="Account" parentDisplayName="Account" id="{8448b78f-8f42-454e-8e2a-f8196b0419af}" />
      </MissingDependency>
      <MissingDependency>
        <Required key="7" type="2" schemaName="msdyn_workorderinstructions" displayName="Work Order Instructions" parentSchemaName="account" parentDisplayName="Account" solution="FieldService (7.3.0.123)" />
        <Dependent key="1" type="60" displayName="Account - Mobile" parentDisplayName="Account" id="{74da4947-5d1d-4400-9f99-c6ed578211bb}" />
      </MissingDependency>
      <MissingDependency>
        <Required key="10" type="2" schemaName="msdyn_serviceterritory" displayName="Service Territory" parentSchemaName="account" parentDisplayName="Account" solution="FieldService (7.3.0.123)" />
        <Dependent key="1" type="60" displayName="Account - Mobile" parentDisplayName="Account" id="{74da4947-5d1d-4400-9f99-c6ed578211bb}" />
      </MissingDependency>
      <MissingDependency>
        <Required key="13" type="2" schemaName="defaultpricelevelid" displayName="Product Price List" parentSchemaName="account" parentDisplayName="Account" solution="msdynce_ProductManagement (9.0.4.10)" />
        <Dependent key="1" type="60" displayName="Account - Mobile" parentDisplayName="Account" id="{74da4947-5d1d-4400-9f99-c6ed578211bb}" />
      </MissingDependency>
      <MissingDependency>
        <Required key="14" type="2" schemaName="msdyn_billingaccount" displayName="Billing Account" parentSchemaName="account" parentDisplayName="Account" solution="FieldService (7.3.0.123)" />
        <Dependent key="1" type="60" displayName="Account - Mobile" parentDisplayName="Account" id="{74da4947-5d1d-4400-9f99-c6ed578211bb}" />
      </MissingDependency>
      <MissingDependency>
        <Required key="16" type="10" schemaName="msdyn_account_salesorder_Account" displayName="msdyn_account_salesorder_Account" parentSchemaName="account" parentDisplayName="Account" solution="FieldService (7.3.0.123)" />
        <Dependent key="1" type="60" displayName="Account - Mobile" parentDisplayName="Account" id="{74da4947-5d1d-4400-9f99-c6ed578211bb}" />
      </MissingDependency>
      <MissingDependency>
        <Required key="17" type="10" schemaName="msdyn_account_msdyn_workorder_ServiceAccount" displayName="msdyn_account_msdyn_workorder_ServiceAccount" parentSchemaName="account" parentDisplayName="Account" solution="FieldService (7.3.0.123)" />
        <Dependent key="1" type="60" displayName="Account - Mobile" parentDisplayName="Account" id="{74da4947-5d1d-4400-9f99-c6ed578211bb}" />
      </MissingDependency>
      <MissingDependency>
        <Required key="18" type="10" schemaName="msdyn_account_msdyn_purchaseorder_Vendor" displayName="msdyn_account_msdyn_purchaseorder_Vendor" parentSchemaName="account" parentDisplayName="Account" solution="FieldService (7.3.0.123)" />
        <Dependent key="1" type="60" displayName="Account - Mobile" parentDisplayName="Account" id="{74da4947-5d1d-4400-9f99-c6ed578211bb}" />
      </MissingDependency>
      <MissingDependency>
        <Required key="19" type="10" schemaName="msdyn_account_account_BillingAccount" displayName="msdyn_account_account_BillingAccount" parentSchemaName="account" parentDisplayName="Account" solution="FieldService (7.3.0.123)" />
        <Dependent key="1" type="60" displayName="Account - Mobile" parentDisplayName="Account" id="{74da4947-5d1d-4400-9f99-c6ed578211bb}" />
      </MissingDependency>
      <MissingDependency>
        <Required key="20" type="10" schemaName="msdyn_territory_account_ServiceTerritory" displayName="msdyn_territory_account_ServiceTerritory" parentSchemaName="territory" parentDisplayName="Territory" solution="FieldService (7.3.0.123)" />
        <Dependent key="1" type="60" displayName="Account - Mobile" parentDisplayName="Account" id="{74da4947-5d1d-4400-9f99-c6ed578211bb}" />
      </MissingDependency>
      <MissingDependency>
        <Required key="21" type="10" schemaName="msdyn_account_msdyn_customerasset_Account" displayName="msdyn_account_msdyn_customerasset_Account" parentSchemaName="account" parentDisplayName="Account" solution="FieldService (7.3.0.123)" />
        <Dependent key="1" type="60" displayName="Account - Mobile" parentDisplayName="Account" id="{74da4947-5d1d-4400-9f99-c6ed578211bb}" />
      </MissingDependency>
      <MissingDependency>
        <Required key="22" type="10" schemaName="msdyn_account_quote_Account" displayName="msdyn_account_quote_Account" parentSchemaName="account" parentDisplayName="Account" solution="FieldService (7.3.0.123)" />
        <Dependent key="1" type="60" displayName="Account - Mobile" parentDisplayName="Account" id="{74da4947-5d1d-4400-9f99-c6ed578211bb}" />
      </MissingDependency>
      <MissingDependency>
        <Required key="18" type="10" schemaName="msdyn_account_msdyn_purchaseorder_Vendor" displayName="msdyn_account_msdyn_purchaseorder_Vendor" parentSchemaName="account" parentDisplayName="Account" solution="FieldService (7.3.0.123)" />
        <Dependent key="6" type="60" displayName="Account" parentDisplayName="Account" id="{8448b78f-8f42-454e-8e2a-f8196b0419af}" />
      </MissingDependency>
      <MissingDependency>
        <Required key="23" type="10" schemaName="msdyn_msdyn_taxcode_account_SalesTaxCode" displayName="msdyn_msdyn_taxcode_account_SalesTaxCode" parentSchemaName="msdyn_taxcode" parentDisplayName="Tax Code" solution="FieldService (7.3.0.123)" />
        <Dependent key="6" type="60" displayName="Account" parentDisplayName="Account" id="{8448b78f-8f42-454e-8e2a-f8196b0419af}" />
      </MissingDependency>
      <MissingDependency>
        <Required key="21" type="10" schemaName="msdyn_account_msdyn_customerasset_Account" displayName="msdyn_account_msdyn_customerasset_Account" parentSchemaName="account" parentDisplayName="Account" solution="FieldService (7.3.0.123)" />
        <Dependent key="6" type="60" displayName="Account" parentDisplayName="Account" id="{8448b78f-8f42-454e-8e2a-f8196b0419af}" />
      </MissingDependency>
      <MissingDependency>
        <Required key="24" type="10" schemaName="msdyn_account_msdyn_rtv_Vendor" displayName="msdyn_account_msdyn_rtv_Vendor" parentSchemaName="account" parentDisplayName="Account" solution="FieldService (7.3.0.123)" />
        <Dependent key="6" type="60" displayName="Account" parentDisplayName="Account" id="{8448b78f-8f42-454e-8e2a-f8196b0419af}" />
      </MissingDependency>
      <MissingDependency>
        <Required key="19" type="10" schemaName="msdyn_account_account_BillingAccount" displayName="msdyn_account_account_BillingAccount" parentSchemaName="account" parentDisplayName="Account" solution="FieldService (7.3.0.123)" />
        <Dependent key="6" type="60" displayName="Account" parentDisplayName="Account" id="{8448b78f-8f42-454e-8e2a-f8196b0419af}" />
      </MissingDependency>
      <MissingDependency>
        <Required key="25" type="10" schemaName="msdyn_accountmanager_opportunity" displayName="msdyn_accountmanager_opportunity" parentSchemaName="systemuser" parentDisplayName="User" solution="ProjectService (2.3.0.33)" />
        <Dependent key="26" type="60" displayName="User" parentDisplayName="User" id="{c2cd9e55-d4b4-4b55-9951-16ead79643e5}" />
      </MissingDependency>
      <MissingDependency>
        <Required key="27" type="10" schemaName="msdyn_accountmanager_quote" displayName="msdyn_accountmanager_quote" parentSchemaName="systemuser" parentDisplayName="User" solution="ProjectService (2.3.0.33)" />
        <Dependent key="26" type="60" displayName="User" parentDisplayName="User" id="{c2cd9e55-d4b4-4b55-9951-16ead79643e5}" />
      </MissingDependency>
      <MissingDependency>
        <Required key="28" type="10" schemaName="msdyn_systemuser_msdyn_expense_manager" displayName="msdyn_systemuser_msdyn_expense_manager" parentSchemaName="systemuser" parentDisplayName="User" solution="ProjectService (2.3.0.33)" />
        <Dependent key="26" type="60" displayName="User" parentDisplayName="User" id="{c2cd9e55-d4b4-4b55-9951-16ead79643e5}" />
      </MissingDependency>
      <MissingDependency>
        <Required key="29" type="10" schemaName="msdyn_accountmanager_salesorder" displayName="msdyn_accountmanager_salesorder" parentSchemaName="systemuser" parentDisplayName="User" solution="ProjectService (2.3.0.33)" />
        <Dependent key="26" type="60" displayName="User" parentDisplayName="User" id="{c2cd9e55-d4b4-4b55-9951-16ead79643e5}" />
      </MissingDependency>
      <MissingDependency>
        <Required key="30" type="10" schemaName="msdyn_account_msdyn_agreement_ServiceAccount" displayName="msdyn_account_msdyn_agreement_ServiceAccount" parentSchemaName="account" parentDisplayName="Account" solution="FieldService (7.3.0.123)" />
        <Dependent key="6" type="60" displayName="Account" parentDisplayName="Account" id="{8448b78f-8f42-454e-8e2a-f8196b0419af}" />
      </MissingDependency>
      <MissingDependency>
        <Required key="31" type="10" schemaName="msdyn_account_msdyn_project_Customer" displayName="msdyn_account_msdyn_project_Customer" parentSchemaName="account" parentDisplayName="Account" solution="ProjectService (2.3.0.33)" />
        <Dependent key="6" type="60" displayName="Account" parentDisplayName="Account" id="{8448b78f-8f42-454e-8e2a-f8196b0419af}" />
      </MissingDependency>
      <MissingDependency>
        <Required key="32" type="10" schemaName="msdyn_account_msdyn_rma_ServiceAccount" displayName="msdyn_account_msdyn_rma_ServiceAccount" parentSchemaName="account" parentDisplayName="Account" solution="FieldService (7.3.0.123)" />
        <Dependent key="6" type="60" displayName="Account" parentDisplayName="Account" id="{8448b78f-8f42-454e-8e2a-f8196b0419af}" />
      </MissingDependency>
      <MissingDependency>
        <Required key="20" type="10" schemaName="msdyn_territory_account_ServiceTerritory" displayName="msdyn_territory_account_ServiceTerritory" parentSchemaName="territory" parentDisplayName="Territory" solution="FieldService (7.3.0.123)" />
        <Dependent key="6" type="60" displayName="Account" parentDisplayName="Account" id="{8448b78f-8f42-454e-8e2a-f8196b0419af}" />
      </MissingDependency>
      <MissingDependency>
        <Required key="33" type="10" schemaName="msdyn_account_msdyn_accountpricelist_Account" displayName="msdyn_account_msdyn_accountpricelist_Account" parentSchemaName="account" parentDisplayName="Account" solution="ProjectService (2.3.0.33)" />
        <Dependent key="6" type="60" displayName="Account" parentDisplayName="Account" id="{8448b78f-8f42-454e-8e2a-f8196b0419af}" />
      </MissingDependency>
      <MissingDependency>
        <Required key="34" type="10" schemaName="msdyn_account_msdyn_payment_Account" displayName="msdyn_account_msdyn_payment_Account" parentSchemaName="account" parentDisplayName="Account" solution="FieldService (7.3.0.123)" />
        <Dependent key="6" type="60" displayName="Account" parentDisplayName="Account" id="{8448b78f-8f42-454e-8e2a-f8196b0419af}" />
      </MissingDependency>
      <MissingDependency>
        <Required key="35" type="10" schemaName="msdyn_account_msdyn_workorder_BillingAccount" displayName="msdyn_account_msdyn_workorder_BillingAccount" parentSchemaName="account" parentDisplayName="Account" solution="FieldService (7.3.0.123)" />
        <Dependent key="6" type="60" displayName="Account" parentDisplayName="Account" id="{8448b78f-8f42-454e-8e2a-f8196b0419af}" />
      </MissingDependency>
      <MissingDependency>
        <Required key="30" type="10" schemaName="msdyn_account_msdyn_agreement_ServiceAccount" displayName="msdyn_account_msdyn_agreement_ServiceAccount" parentSchemaName="account" parentDisplayName="Account" solution="FieldService (7.3.0.123)" />
        <Dependent key="1" type="60" displayName="Account - Mobile" parentDisplayName="Account" id="{74da4947-5d1d-4400-9f99-c6ed578211bb}" />
      </MissingDependency>
      <MissingDependency>
        <Required key="36" type="10" schemaName="msdyn_account_msdyn_agreement_BillingAccount" displayName="msdyn_account_msdyn_agreement_BillingAccount" parentSchemaName="account" parentDisplayName="Account" solution="FieldService (7.3.0.123)" />
        <Dependent key="6" type="60" displayName="Account" parentDisplayName="Account" id="{8448b78f-8f42-454e-8e2a-f8196b0419af}" />
      </MissingDependency>
      <MissingDependency>
        <Required key="37" type="10" schemaName="msdyn_account_msdyn_rma_BillingAccount" displayName="msdyn_account_msdyn_rma_BillingAccount" parentSchemaName="account" parentDisplayName="Account" solution="FieldService (7.3.0.123)" />
        <Dependent key="6" type="60" displayName="Account" parentDisplayName="Account" id="{8448b78f-8f42-454e-8e2a-f8196b0419af}" />
      </MissingDependency>
      <MissingDependency>
        <Required key="17" type="10" schemaName="msdyn_account_msdyn_workorder_ServiceAccount" displayName="msdyn_account_msdyn_workorder_ServiceAccount" parentSchemaName="account" parentDisplayName="Account" solution="FieldService (7.3.0.123)" />
        <Dependent key="6" type="60" displayName="Account" parentDisplayName="Account" id="{8448b78f-8f42-454e-8e2a-f8196b0419af}" />
      </MissingDependency>
      <MissingDependency>
        <Required key="38" type="10" schemaName="msdyn_systemuser_msdyn_projectapproval_Manager" displayName="msdyn_systemuser_msdyn_projectapproval_Manager" parentSchemaName="systemuser" parentDisplayName="User" solution="ProjectService (2.3.0.33)" />
        <Dependent key="26" type="60" displayName="User" parentDisplayName="User" id="{c2cd9e55-d4b4-4b55-9951-16ead79643e5}" />
      </MissingDependency>
      <MissingDependency>
        <Required key="39" type="10" schemaName="msdyn_systemuser_msdyn_project_projectmanager" displayName="msdyn_systemuser_msdyn_project_projectmanager" parentSchemaName="systemuser" parentDisplayName="User" solution="ProjectService (2.3.0.33)" />
        <Dependent key="26" type="60" displayName="User" parentDisplayName="User" id="{c2cd9e55-d4b4-4b55-9951-16ead79643e5}" />
      </MissingDependency>
      <MissingDependency>
        <Required key="40" type="20" displayName="Field Service - Resource" solution="FieldService (7.3.0.123)" id="{dc08bfde-da92-e111-9d8c-000c2959f9b8}" />
        <Dependent key="1" type="60" displayName="Account - Mobile" parentDisplayName="Account" id="{74da4947-5d1d-4400-9f99-c6ed578211bb}" />
      </MissingDependency>
      <MissingDependency>
        <Required key="41" type="26" schemaName="Active Agreements" displayName="Active Agreements" parentSchemaName="msdyn_agreement" parentDisplayName="Agreement" solution="FieldService (7.3.0.123)" id="{7f81be54-a61a-4d6d-af65-cd4988f490fe}" />
        <Dependent key="1" type="60" displayName="Account - Mobile" parentDisplayName="Account" id="{74da4947-5d1d-4400-9f99-c6ed578211bb}" />
      </MissingDependency>
      <MissingDependency>
        <Required key="42" type="26" schemaName="Active Customer Assets" displayName="Active Customer Assets" parentSchemaName="msdyn_customerasset" parentDisplayName="Customer Asset" solution="FieldService (7.3.0.123)" id="{6ecb03a4-acda-44ae-83e3-c60ba8338dbb}" />
        <Dependent key="1" type="60" displayName="Account - Mobile" parentDisplayName="Account" id="{74da4947-5d1d-4400-9f99-c6ed578211bb}" />
      </MissingDependency>
      <MissingDependency>
        <Required key="43" type="26" schemaName="My Invoices" displayName="My Invoices" parentSchemaName="invoice" parentDisplayName="Invoice" solution="msdynce_Sales (9.0.4.7)" id="{185e29de-5c32-42ef-a637-3605e445faf5}" />
        <Dependent key="1" type="60" displayName="Account - Mobile" parentDisplayName="Account" id="{74da4947-5d1d-4400-9f99-c6ed578211bb}" />
      </MissingDependency>
      <MissingDependency>
        <Required key="44" type="26" schemaName="Active Work Orders" displayName="Active Work Orders" parentSchemaName="msdyn_workorder" parentDisplayName="Work Order" solution="FieldService (7.3.0.123)" id="{fce37246-eba1-4e92-bb9d-f8cb3ec38e3f}" />
        <Dependent key="1" type="60" displayName="Account - Mobile" parentDisplayName="Account" id="{74da4947-5d1d-4400-9f99-c6ed578211bb}" />
      </MissingDependency>
      <MissingDependency>
        <Required key="45" type="26" schemaName="Active Project Price Lists" displayName="Active Project Price Lists" parentSchemaName="msdyn_accountpricelist" parentDisplayName="Account Project Price List" solution="ProjectService (2.3.0.33)" id="{9e8bd99a-72e8-49fe-8c6f-ec1ac8407f5a}" />
        <Dependent key="6" type="60" displayName="Account" parentDisplayName="Account" id="{8448b78f-8f42-454e-8e2a-f8196b0419af}" />
      </MissingDependency>
      <MissingDependency>
        <Required key="46" type="59" schemaName="Active Work Orders By Type" displayName="Active Work Orders By Type" parentSchemaName="msdyn_workorder" parentDisplayName="Work Order" solution="FieldService (7.3.0.123)" id="{8e746648-1a4e-e111-93b3-000c2959f9b8}" />
        <Dependent key="1" type="60" displayName="Account - Mobile" parentDisplayName="Account" id="{74da4947-5d1d-4400-9f99-c6ed578211bb}" />
      </MissingDependency>
      <MissingDependency>
        <Required key="47" type="60" displayName="Account Summary Card" parentDisplayName="Account" solution="FieldService (7.3.0.123)" id="{894155a3-95d5-4881-b9c3-04444cef1bcc}" />
        <Dependent key="47" type="60" displayName="Account Summary Card" parentDisplayName="Account" id="{894155a3-95d5-4881-b9c3-04444cef1bcc}" />
      </MissingDependency>
      <MissingDependency>
        <Required key="48" type="60" displayName="Account Hierarchy Tile Form" parentDisplayName="Account" solution="msdynce_AppCommon (9.0.4.4)" id="{69cff312-cfb6-4289-9631-249ab85d2c62}" />
        <Dependent key="48" type="60" displayName="Account Hierarchy Tile Form" parentDisplayName="Account" id="{69cff312-cfb6-4289-9631-249ab85d2c62}" />
      </MissingDependency>
      <MissingDependency>
        <Required key="49" type="60" displayName="Social Profiles" parentDisplayName="Account" solution="msdynce_AppCommon (9.0.4.4)" id="{2205c86d-ed88-4a2f-a447-3b86a8781f2e}" />
        <Dependent key="49" type="60" displayName="Social Profiles" parentDisplayName="Account" id="{2205c86d-ed88-4a2f-a447-3b86a8781f2e}" />
      </MissingDependency>
      <MissingDependency>
        <Required key="50" type="60" displayName="Account Card form" parentDisplayName="Account" solution="msdynce_AppCommon (9.0.4.4)" id="{cccff382-2b92-467e-bf1b-3db179512af8}" />
        <Dependent key="50" type="60" displayName="Account Card form" parentDisplayName="Account" id="{cccff382-2b92-467e-bf1b-3db179512af8}" />
      </MissingDependency>
      <MissingDependency>
        <Required key="51" type="60" displayName="Portal Account" parentDisplayName="Account" solution="KnowledgeManagement (1.0.0.21)" id="{f145c04d-9c36-417e-a9f8-5d61e0b09980}" />
        <Dependent key="51" type="60" displayName="Portal Account" parentDisplayName="Account" id="{f145c04d-9c36-417e-a9f8-5d61e0b09980}" />
      </MissingDependency>
      <MissingDependency>
        <Required key="52" type="60" displayName="Account Reference Panel" parentDisplayName="Account" solution="msdynce_AppCommon (9.0.4.4)" id="{098ae145-1567-41ec-8398-86dbaac70c9b}" />
        <Dependent key="52" type="60" displayName="Account Reference Panel" parentDisplayName="Account" id="{098ae145-1567-41ec-8398-86dbaac70c9b}" />
      </MissingDependency>
      <MissingDependency>
        <Required key="53" type="60" displayName="Recent Cases and Entitlements" parentDisplayName="Account" solution="msdynce_Service (9.0.5.7)" id="{43300723-f867-420b-ab28-976a4d12e6c4}" />
        <Dependent key="53" type="60" displayName="Recent Cases and Entitlements" parentDisplayName="Account" id="{43300723-f867-420b-ab28-976a4d12e6c4}" />
      </MissingDependency>
      <MissingDependency>
        <Required key="54" type="60" displayName="Account for Interactive experience" parentDisplayName="Account" solution="msdynce_AppCommon (9.0.4.4)" id="{a72c7955-442b-4ea4-9499-b10cd18b4256}" />
        <Dependent key="54" type="60" displayName="Account for Interactive experience" parentDisplayName="Account" id="{a72c7955-442b-4ea4-9499-b10cd18b4256}" />
      </MissingDependency>
      <MissingDependency>
        <Required key="1" type="60" displayName="Account - Mobile" parentDisplayName="Account" solution="FieldService (7.3.0.123)" id="{74da4947-5d1d-4400-9f99-c6ed578211bb}" />
        <Dependent key="1" type="60" displayName="Account - Mobile" parentDisplayName="Account" id="{74da4947-5d1d-4400-9f99-c6ed578211bb}" />
      </MissingDependency>
      <MissingDependency>
        <Required key="55" type="60" displayName="account card" parentDisplayName="Account" solution="msdynce_AppCommon (9.0.4.4)" id="{b028db32-3619-48a5-ac51-cf3f947b0ef3}" />
        <Dependent key="55" type="60" displayName="account card" parentDisplayName="Account" id="{b028db32-3619-48a5-ac51-cf3f947b0ef3}" />
      </MissingDependency>
      <MissingDependency>
        <Required key="56" type="60" displayName="Account Quick Create" parentDisplayName="Account" solution="msdynce_AppCommon (9.0.4.4)" id="{c9e7ec2d-efca-4e4c-b3e3-f63c4bba5e4b}" />
        <Dependent key="56" type="60" displayName="Account Quick Create" parentDisplayName="Account" id="{c9e7ec2d-efca-4e4c-b3e3-f63c4bba5e4b}" />
      </MissingDependency>
      <MissingDependency>
        <Required key="6" type="60" displayName="Account" parentDisplayName="Account" solution="msdynce_AppCommon (9.0.4.4)" id="{8448b78f-8f42-454e-8e2a-f8196b0419af}" />
        <Dependent key="6" type="60" displayName="Account" parentDisplayName="Account" id="{8448b78f-8f42-454e-8e2a-f8196b0419af}" />
      </MissingDependency>
      <MissingDependency>
        <Required key="57" type="60" displayName="account contact card" parentDisplayName="Contact" solution="msdynce_AppCommon (9.0.4.4)" id="{29de27bc-a257-4f29-99cf-bab4a84e688f}" />
        <Dependent key="6" type="60" displayName="Account" parentDisplayName="Account" id="{8448b78f-8f42-454e-8e2a-f8196b0419af}" />
      </MissingDependency>
      <MissingDependency>
        <Required key="58" type="66" schemaName="MscrmControls.WebsitePreview.PreviewControl" displayName="MscrmControls.WebsitePreview.PreviewControl" solution="CustomControlsCore (9.0.0001.0425)" />
        <Dependent key="1" type="60" displayName="Account - Mobile" parentDisplayName="Account" id="{74da4947-5d1d-4400-9f99-c6ed578211bb}" />
      </MissingDependency>
      <MissingDependency>
        <Required key="59" type="66" schemaName="MscrmControls.CardFeedContainer.CardFeedContainer" displayName="MscrmControls.CardFeedContainer.CardFeedContainer" solution="CustomControlsCore (9.0.0001.0425)" />
        <Dependent key="6" type="60" displayName="Account" parentDisplayName="Account" id="{8448b78f-8f42-454e-8e2a-f8196b0419af}" />
      </MissingDependency>
      <MissingDependency>
        <Required key="60" type="61" schemaName="msdyn_/Utils/FieldServiceTrial.js" displayName="msdyn_/Utils/FieldServiceTrial.js" solution="FieldService (7.3.0.123)" />
        <Dependent key="6" type="60" displayName="Account" parentDisplayName="Account" id="{8448b78f-8f42-454e-8e2a-f8196b0419af}" />
      </MissingDependency>
      <MissingDependency>
        <Required key="61" type="61" schemaName="msdyn_/Utils/head1.0.3.js" displayName="msdyn_/Utils/head1.0.3.js" solution="FieldService (7.3.0.123)" />
        <Dependent key="6" type="60" displayName="Account" parentDisplayName="Account" id="{8448b78f-8f42-454e-8e2a-f8196b0419af}" />
      </MissingDependency>
      <MissingDependency>
        <Required key="62" type="61" schemaName="msdyn_/Libraries/require/require.js" displayName="msdyn_/Libraries/require/require.js" solution="ProjectService (2.3.0.33)" />
        <Dependent key="6" type="60" displayName="Account" parentDisplayName="Account" id="{8448b78f-8f42-454e-8e2a-f8196b0419af}" />
      </MissingDependency>
      <MissingDependency>
        <Required key="63" type="61" schemaName="msdyn_/User/User.Library.js" displayName="msdyn_/User/User.Library.js" solution="FieldService (7.3.0.123)" />
        <Dependent key="26" type="60" displayName="User" parentDisplayName="User" id="{c2cd9e55-d4b4-4b55-9951-16ead79643e5}" />
      </MissingDependency>
      <MissingDependency>
        <Required key="64" type="61" schemaName="msdyn_/Utils/head.js" displayName="msdyn_/Utils/head.js" solution="FieldService (7.3.0.123)" />
        <Dependent key="26" type="60" displayName="User" parentDisplayName="User" id="{c2cd9e55-d4b4-4b55-9951-16ead79643e5}" />
      </MissingDependency>
      <MissingDependency>
        <Required key="60" type="61" schemaName="msdyn_/Utils/FieldServiceTrial.js" displayName="msdyn_/Utils/FieldServiceTrial.js" solution="FieldService (7.3.0.123)" />
        <Dependent key="1" type="60" displayName="Account - Mobile" parentDisplayName="Account" id="{74da4947-5d1d-4400-9f99-c6ed578211bb}" />
      </MissingDependency>
      <MissingDependency>
        <Required key="65" type="61" schemaName="AppCommon/Account/Account_main_system_library.js" displayName="AppCommon/Account/Account_main_system_library.js" solution="msdynce_AppCommon (9.0.4.4)" />
        <Dependent key="1" type="60" displayName="Account - Mobile" parentDisplayName="Account" id="{74da4947-5d1d-4400-9f99-c6ed578211bb}" />
      </MissingDependency>
      <MissingDependency>
        <Required key="66" type="61" schemaName="msdyn_/Account/Account.Library.js" displayName="msdyn_/Account/Account.Library.js" solution="FieldService (7.3.0.123)" />
        <Dependent key="6" type="60" displayName="Account" parentDisplayName="Account" id="{8448b78f-8f42-454e-8e2a-f8196b0419af}" />
      </MissingDependency>
      <MissingDependency>
        <Required key="61" type="61" schemaName="msdyn_/Utils/head1.0.3.js" displayName="msdyn_/Utils/head1.0.3.js" solution="FieldService (7.3.0.123)" />
        <Dependent key="1" type="60" displayName="Account - Mobile" parentDisplayName="Account" id="{74da4947-5d1d-4400-9f99-c6ed578211bb}" />
      </MissingDependency>
      <MissingDependency>
        <Required key="66" type="61" schemaName="msdyn_/Account/Account.Library.js" displayName="msdyn_/Account/Account.Library.js" solution="FieldService (7.3.0.123)" />
        <Dependent key="1" type="60" displayName="Account - Mobile" parentDisplayName="Account" id="{74da4947-5d1d-4400-9f99-c6ed578211bb}" />
      </MissingDependency>
      <MissingDependency>
        <Required key="62" type="61" schemaName="msdyn_/Libraries/require/require.js" displayName="msdyn_/Libraries/require/require.js" solution="ProjectService (2.3.0.33)" />
        <Dependent key="26" type="60" displayName="User" parentDisplayName="User" id="{c2cd9e55-d4b4-4b55-9951-16ead79643e5}" />
      </MissingDependency>
    </MissingDependencies>
  </SolutionManifest>
</ImportExportXml>