<ImportExportXml version="9.0.0000.3292" SolutionPackageVersion="9.0" languagecode="1033" generatedBy="CrmLive" xmlns:xsi="http://www.w3.org/2001/XMLSchema-instance">
  <SolutionManifest>
    <UniqueName>TrackUserLocationinDynamics365App</UniqueName>
    <LocalizedNames>
      <LocalizedName description="TrackUserLocationinDynamics365AppForMobileandTablet" languagecode="1033" />
    </LocalizedNames>
    <Descriptions>
      <Description description="UnManaged solution compatible with Dynamics 365 v9.x which help you tracking location of crm field user who have access to Dynamics 365 app for mobile and Tablet&#xA;&#xA;Solution Components&#xA;1. Userlocation entity which store username, latitude,longitude and full address we get after reverse Geo-coding the latitude and longitude&#xA;2. Get address Plugin fetched the full address on the basis latitude and longitude&#xA;3. Plugin step which fire on creation of userlocation record&#xA;4. Reversegeocoding js web resource - It have js function which retrieve user's location in Dynamics 365 app for Mobile and tablet and store in User Location entity&#xA;&#xA;To Do:-&#xA;On the event on which you want to check in location, call the function getcurrentLocation from Reversegeocoding js library.&#xA;Enable location in your Dynamics 365 app for Mobile and tablet&#xA;Make sure plugin step is enabled&#xA;For help,please contact grade.vishal@gmail.com" languagecode="1033" />
    </Descriptions>
    <Version>1.0.0.0</Version>
    <Managed>0</Managed>
    <Publisher>
      <UniqueName>DefaultPublisherd365blocks</UniqueName>
      <LocalizedNames>
        <LocalizedName description="Default Publisher for d365blocks" languagecode="1033" />
      </LocalizedNames>
      <Descriptions>
        <Description description="Default publisher for this organization" languagecode="1033" />
      </Descriptions>
      <EMailAddress xsi:nil="true"></EMailAddress>
      <SupportingWebsiteUrl xsi:nil="true"></SupportingWebsiteUrl>
      <CustomizationPrefix>new</CustomizationPrefix>
      <CustomizationOptionValuePrefix>10000</CustomizationOptionValuePrefix>
      <Addresses>
        <Address>
          <AddressNumber>1</AddressNumber>
          <AddressTypeCode xsi:nil="true"></AddressTypeCode>
          <City xsi:nil="true"></City>
          <County xsi:nil="true"></County>
          <Country xsi:nil="true"></Country>
          <Fax xsi:nil="true"></Fax>
          <FreightTermsCode xsi:nil="true"></FreightTermsCode>
          <ImportSequenceNumber xsi:nil="true"></ImportSequenceNumber>
          <Latitude xsi:nil="true"></Latitude>
          <Line1 xsi:nil="true"></Line1>
          <Line2 xsi:nil="true"></Line2>
          <Line3 xsi:nil="true"></Line3>
          <Longitude xsi:nil="true"></Longitude>
          <Name xsi:nil="true"></Name>
          <PostalCode xsi:nil="true"></PostalCode>
          <PostOfficeBox xsi:nil="true"></PostOfficeBox>
          <PrimaryContactName xsi:nil="true"></PrimaryContactName>
          <ShippingMethodCode xsi:nil="true"></ShippingMethodCode>
          <StateOrProvince xsi:nil="true"></StateOrProvince>
          <Telephone1 xsi:nil="true"></Telephone1>
          <Telephone2 xsi:nil="true"></Telephone2>
          <Telephone3 xsi:nil="true"></Telephone3>
          <TimeZoneRuleVersionNumber xsi:nil="true"></TimeZoneRuleVersionNumber>
          <UPSZone xsi:nil="true"></UPSZone>
          <UTCOffset xsi:nil="true"></UTCOffset>
          <UTCConversionTimeZoneCode xsi:nil="true"></UTCConversionTimeZoneCode>
        </Address>
        <Address>
          <AddressNumber>2</AddressNumber>
          <AddressTypeCode xsi:nil="true"></AddressTypeCode>
          <City xsi:nil="true"></City>
          <County xsi:nil="true"></County>
          <Country xsi:nil="true"></Country>
          <Fax xsi:nil="true"></Fax>
          <FreightTermsCode xsi:nil="true"></FreightTermsCode>
          <ImportSequenceNumber xsi:nil="true"></ImportSequenceNumber>
          <Latitude xsi:nil="true"></Latitude>
          <Line1 xsi:nil="true"></Line1>
          <Line2 xsi:nil="true"></Line2>
          <Line3 xsi:nil="true"></Line3>
          <Longitude xsi:nil="true"></Longitude>
          <Name xsi:nil="true"></Name>
          <PostalCode xsi:nil="true"></PostalCode>
          <PostOfficeBox xsi:nil="true"></PostOfficeBox>
          <PrimaryContactName xsi:nil="true"></PrimaryContactName>
          <ShippingMethodCode xsi:nil="true"></ShippingMethodCode>
          <StateOrProvince xsi:nil="true"></StateOrProvince>
          <Telephone1 xsi:nil="true"></Telephone1>
          <Telephone2 xsi:nil="true"></Telephone2>
          <Telephone3 xsi:nil="true"></Telephone3>
          <TimeZoneRuleVersionNumber xsi:nil="true"></TimeZoneRuleVersionNumber>
          <UPSZone xsi:nil="true"></UPSZone>
          <UTCOffset xsi:nil="true"></UTCOffset>
          <UTCConversionTimeZoneCode xsi:nil="true"></UTCConversionTimeZoneCode>
        </Address>
      </Addresses>
    </Publisher>
    <RootComponents>
      <RootComponent type="1" schemaName="new_userlocations" behavior="0" />
      <RootComponent type="1" schemaName="systemuser" behavior="1" />
      <RootComponent type="60" id="{859dd211-b699-4839-8db6-a551d97e0908}" behavior="0" />
      <RootComponent type="60" id="{c2cd9e55-d4b4-4b55-9951-16ead79643e5}" behavior="0" />
      <RootComponent type="61" schemaName="new_map" behavior="0" />
      <RootComponent type="61" schemaName="new_Reversegeocoding" behavior="0" />
      <RootComponent type="91" id="{707d466e-a6a4-4283-9a33-18199ae97f4d}" schemaName="getAddress, Version=1.0.0.0, Culture=neutral, PublicKeyToken=9321c4936b9ad4bc" behavior="0" />
      <RootComponent type="92" id="{13c8e0af-e705-e811-a954-000d3af286a3}" behavior="0" />
    </RootComponents>
    <MissingDependencies>
      <MissingDependency>
        <Required key="0" type="10" schemaName="msdyn_accountmanager_quote" displayName="msdyn_accountmanager_quote" parentSchemaName="quote" parentDisplayName="Quote" solution="ProjectService (2.3.0.33)" />
        <Dependent key="1" type="60" displayName="User" parentDisplayName="User" id="{c2cd9e55-d4b4-4b55-9951-16ead79643e5}" />
      </MissingDependency>
      <MissingDependency>
        <Required key="2" type="10" schemaName="msdyn_systemuser_msdyn_expense_manager" displayName="msdyn_systemuser_msdyn_expense_manager" parentSchemaName="msdyn_expense" parentDisplayName="Expense" solution="ProjectService (2.3.0.33)" />
        <Dependent key="1" type="60" displayName="User" parentDisplayName="User" id="{c2cd9e55-d4b4-4b55-9951-16ead79643e5}" />
      </MissingDependency>
      <MissingDependency>
        <Required key="3" type="10" schemaName="msdyn_accountmanager_salesorder" displayName="msdyn_accountmanager_salesorder" parentSchemaName="salesorder" parentDisplayName="Order" solution="ProjectService (2.3.0.33)" />
        <Dependent key="1" type="60" displayName="User" parentDisplayName="User" id="{c2cd9e55-d4b4-4b55-9951-16ead79643e5}" />
      </MissingDependency>
      <MissingDependency>
        <Required key="4" type="10" schemaName="msdyn_accountmanager_opportunity" displayName="msdyn_accountmanager_opportunity" parentSchemaName="opportunity" parentDisplayName="Opportunity" solution="ProjectService (2.3.0.33)" />
        <Dependent key="1" type="60" displayName="User" parentDisplayName="User" id="{c2cd9e55-d4b4-4b55-9951-16ead79643e5}" />
      </MissingDependency>
      <MissingDependency>
        <Required key="5" type="10" schemaName="msdyn_systemuser_msdyn_project_projectmanager" displayName="msdyn_systemuser_msdyn_project_projectmanager" parentSchemaName="msdyn_project" parentDisplayName="Project" solution="ProjectService (2.3.0.33)" />
        <Dependent key="1" type="60" displayName="User" parentDisplayName="User" id="{c2cd9e55-d4b4-4b55-9951-16ead79643e5}" />
      </MissingDependency>
      <MissingDependency>
        <Required key="6" type="10" schemaName="msdyn_systemuser_msdyn_projectapproval_Manager" displayName="msdyn_systemuser_msdyn_projectapproval_Manager" parentSchemaName="msdyn_projectapproval" parentDisplayName="Project Approval" solution="ProjectService (2.3.0.33)" />
        <Dependent key="1" type="60" displayName="User" parentDisplayName="User" id="{c2cd9e55-d4b4-4b55-9951-16ead79643e5}" />
      </MissingDependency>
      <MissingDependency>
        <Required key="7" type="61" schemaName="msdyn_/Libraries/require/require.js" displayName="msdyn_/Libraries/require/require.js" solution="ProjectService (2.3.0.33)" />
        <Dependent key="1" type="60" displayName="User" parentDisplayName="User" id="{c2cd9e55-d4b4-4b55-9951-16ead79643e5}" />
      </MissingDependency>
      <MissingDependency>
        <Required key="8" type="61" schemaName="msdyn_/User/User.Library.js" displayName="msdyn_/User/User.Library.js" solution="FieldService (7.3.0.123)" />
        <Dependent key="1" type="60" displayName="User" parentDisplayName="User" id="{c2cd9e55-d4b4-4b55-9951-16ead79643e5}" />
      </MissingDependency>
      <MissingDependency>
        <Required key="9" type="61" schemaName="msdyn_/Utils/head.js" displayName="msdyn_/Utils/head.js" solution="FieldService (7.3.0.123)" />
        <Dependent key="1" type="60" displayName="User" parentDisplayName="User" id="{c2cd9e55-d4b4-4b55-9951-16ead79643e5}" />
      </MissingDependency>
    </MissingDependencies>
  </SolutionManifest>
</ImportExportXml>